id;title;data;data_content_type
1;bypass open-source;../fake-data/blob/hipster.png;image/png
2;River quantify Manors;../fake-data/blob/hipster.png;image/png
3;Computers;../fake-data/blob/hipster.png;image/png
4;Macao Object-based;../fake-data/blob/hipster.png;image/png
5;sticky Ergonomic panel;../fake-data/blob/hipster.png;image/png
6;Solutions sky blue;../fake-data/blob/hipster.png;image/png
7;primary Cambridgeshire haptic;../fake-data/blob/hipster.png;image/png
8;XSS;../fake-data/blob/hipster.png;image/png
9;Shores Devolved;../fake-data/blob/hipster.png;image/png
10;program generate;../fake-data/blob/hipster.png;image/png
